{
  "version": "5.0.1",
  "flags": {},
  "shapes": [
    {
      "label": "person snatching with knief",
      "points": [
        [
          444.0,
          310.5
        ],
        [
          419.5,
          318.5
        ],
        [
          415.5,
          332.5
        ],
        [
          426.0,
          345.0
        ],
        [
          439.0,
          368.5
        ],
        [
          424.5,
          382.0
        ],
        [
          423.0,
          401.5
        ],
        [
          404.0,
          413.5
        ],
        [
          321.0,
          419.5
        ],
        [
          310.0,
          386.5
        ],
        [
          294.0,
          358.0
        ],
        [
          282.0,
          331.0
        ],
        [
          268.0,
          319.0
        ],
        [
          249.0,
          345.5
        ],
        [
          239.5,
          381.5
        ],
        [
          235.0,
          426.0
        ],
        [
          138.5,
          422.0
        ],
        [
          107.5,
          376.5
        ],
        [
          81.0,
          294.5
        ],
        [
          56.5,
          258.0
        ],
        [
          18.5,
          248.5
        ],
        [
          6.0,
          237.0
        ],
        [
          8.0,
          0.5
        ],
        [
          493.5,
          1.0
        ],
        [
          493.0,
          27.5
        ],
        [
          522.5,
          76.0
        ],
        [
          519.5,
          99.0
        ],
        [
          521.0,
          127.5
        ],
        [
          531.5,
          175.5
        ],
        [
          538.0,
          191.5
        ],
        [
          550.5,
          205.5
        ],
        [
          559.0,
          208.5
        ],
        [
          563.5,
          225.5
        ],
        [
          550.0,
          223.5
        ],
        [
          526.5,
          199.0
        ],
        [
          523.0,
          212.5
        ],
        [
          508.0,
          222.0
        ],
        [
          491.0,
          216.0
        ],
        [
          470.0,
          208.0
        ],
        [
          463.5,
          199.0
        ],
        [
          456.0,
          187.5
        ],
        [
          445.0,
          180.0
        ],
        [
          439.5,
          169.5
        ],
        [
          429.5,
          148.5
        ],
        [
          430.0,
          136.5
        ],
        [
          430.5,
          115.0
        ],
        [
          427.0,
          110.0
        ],
        [
          427.0,
          91.5
        ],
        [
          417.0,
          78.5
        ],
        [
          422.0,
          61.0
        ],
        [
          395.0,
          43.5
        ],
        [
          393.5,
          27.5
        ],
        [
          389.0,
          18.0
        ],
        [
          390.0,
          2.5
        ],
        [
          324.5,
          19.0
        ],
        [
          336.0,
          45.5
        ],
        [
          346.5,
          74.0
        ],
        [
          357.0,
          109.5
        ],
        [
          364.0,
          131.5
        ],
        [
          364.0,
          169.0
        ],
        [
          362.5,
          186.5
        ],
        [
          363.0,
          200.0
        ],
        [
          375.5,
          200.0
        ],
        [
          377.0,
          210.5
        ],
        [
          377.0,
          221.5
        ],
        [
          377.0,
          228.5
        ],
        [
          383.0,
          238.0
        ],
        [
          387.0,
          241.0
        ],
        [
          395.5,
          236.0
        ],
        [
          400.0,
          238.5
        ],
        [
          401.0,
          243.5
        ],
        [
          400.0,
          252.0
        ],
        [
          409.0,
          265.5
        ],
        [
          412.5,
          270.0
        ],
        [
          421.5,
          267.5
        ],
        [
          415.0,
          274.5
        ],
        [
          419.0,
          273.0
        ],
        [
          423.5,
          275.0
        ],
        [
          426.5,
          279.0
        ]
      ],
      "group_id": null,
      "shape_type": "polygon",
      "flags": {}
    }
  ],
  "imagePath": "5.jpg",
  "imageData": null,
  "imageHeight": 427,
  "imageWidth": 790
}