<root>
  <version>5.0.1</version>
  <flags />
  <shapes>
    <label>person snatching with knief</label>
    <points>
      <points>444</points>
      <points>310.5</points>
    </points>
    <points>
      <points>419.5</points>
      <points>318.5</points>
    </points>
    <points>
      <points>415.5</points>
      <points>332.5</points>
    </points>
    <points>
      <points>426</points>
      <points>345</points>
    </points>
    <points>
      <points>439</points>
      <points>368.5</points>
    </points>
    <points>
      <points>424.5</points>
      <points>382</points>
    </points>
    <points>
      <points>423</points>
      <points>401.5</points>
    </points>
    <points>
      <points>404</points>
      <points>413.5</points>
    </points>
    <points>
      <points>321</points>
      <points>419.5</points>
    </points>
    <points>
      <points>310</points>
      <points>386.5</points>
    </points>
    <points>
      <points>294</points>
      <points>358</points>
    </points>
    <points>
      <points>282</points>
      <points>331</points>
    </points>
    <points>
      <points>268</points>
      <points>319</points>
    </points>
    <points>
      <points>249</points>
      <points>345.5</points>
    </points>
    <points>
      <points>239.5</points>
      <points>381.5</points>
    </points>
    <points>
      <points>235</points>
      <points>426</points>
    </points>
    <points>
      <points>138.5</points>
      <points>422</points>
    </points>
    <points>
      <points>107.5</points>
      <points>376.5</points>
    </points>
    <points>
      <points>81</points>
      <points>294.5</points>
    </points>
    <points>
      <points>56.5</points>
      <points>258</points>
    </points>
    <points>
      <points>18.5</points>
      <points>248.5</points>
    </points>
    <points>
      <points>6</points>
      <points>237</points>
    </points>
    <points>
      <points>8</points>
      <points>0.5</points>
    </points>
    <points>
      <points>493.5</points>
      <points>1</points>
    </points>
    <points>
      <points>493</points>
      <points>27.5</points>
    </points>
    <points>
      <points>522.5</points>
      <points>76</points>
    </points>
    <points>
      <points>519.5</points>
      <points>99</points>
    </points>
    <points>
      <points>521</points>
      <points>127.5</points>
    </points>
    <points>
      <points>531.5</points>
      <points>175.5</points>
    </points>
    <points>
      <points>538</points>
      <points>191.5</points>
    </points>
    <points>
      <points>550.5</points>
      <points>205.5</points>
    </points>
    <points>
      <points>559</points>
      <points>208.5</points>
    </points>
    <points>
      <points>563.5</points>
      <points>225.5</points>
    </points>
    <points>
      <points>550</points>
      <points>223.5</points>
    </points>
    <points>
      <points>526.5</points>
      <points>199</points>
    </points>
    <points>
      <points>523</points>
      <points>212.5</points>
    </points>
    <points>
      <points>508</points>
      <points>222</points>
    </points>
    <points>
      <points>491</points>
      <points>216</points>
    </points>
    <points>
      <points>470</points>
      <points>208</points>
    </points>
    <points>
      <points>463.5</points>
      <points>199</points>
    </points>
    <points>
      <points>456</points>
      <points>187.5</points>
    </points>
    <points>
      <points>445</points>
      <points>180</points>
    </points>
    <points>
      <points>439.5</points>
      <points>169.5</points>
    </points>
    <points>
      <points>429.5</points>
      <points>148.5</points>
    </points>
    <points>
      <points>430</points>
      <points>136.5</points>
    </points>
    <points>
      <points>430.5</points>
      <points>115</points>
    </points>
    <points>
      <points>427</points>
      <points>110</points>
    </points>
    <points>
      <points>427</points>
      <points>91.5</points>
    </points>
    <points>
      <points>417</points>
      <points>78.5</points>
    </points>
    <points>
      <points>422</points>
      <points>61</points>
    </points>
    <points>
      <points>395</points>
      <points>43.5</points>
    </points>
    <points>
      <points>393.5</points>
      <points>27.5</points>
    </points>
    <points>
      <points>389</points>
      <points>18</points>
    </points>
    <points>
      <points>390</points>
      <points>2.5</points>
    </points>
    <points>
      <points>324.5</points>
      <points>19</points>
    </points>
    <points>
      <points>336</points>
      <points>45.5</points>
    </points>
    <points>
      <points>346.5</points>
      <points>74</points>
    </points>
    <points>
      <points>357</points>
      <points>109.5</points>
    </points>
    <points>
      <points>364</points>
      <points>131.5</points>
    </points>
    <points>
      <points>364</points>
      <points>169</points>
    </points>
    <points>
      <points>362.5</points>
      <points>186.5</points>
    </points>
    <points>
      <points>363</points>
      <points>200</points>
    </points>
    <points>
      <points>375.5</points>
      <points>200</points>
    </points>
    <points>
      <points>377</points>
      <points>210.5</points>
    </points>
    <points>
      <points>377</points>
      <points>221.5</points>
    </points>
    <points>
      <points>377</points>
      <points>228.5</points>
    </points>
    <points>
      <points>383</points>
      <points>238</points>
    </points>
    <points>
      <points>387</points>
      <points>241</points>
    </points>
    <points>
      <points>395.5</points>
      <points>236</points>
    </points>
    <points>
      <points>400</points>
      <points>238.5</points>
    </points>
    <points>
      <points>401</points>
      <points>243.5</points>
    </points>
    <points>
      <points>400</points>
      <points>252</points>
    </points>
    <points>
      <points>409</points>
      <points>265.5</points>
    </points>
    <points>
      <points>412.5</points>
      <points>270</points>
    </points>
    <points>
      <points>421.5</points>
      <points>267.5</points>
    </points>
    <points>
      <points>415</points>
      <points>274.5</points>
    </points>
    <points>
      <points>419</points>
      <points>273</points>
    </points>
    <points>
      <points>423.5</points>
      <points>275</points>
    </points>
    <points>
      <points>426.5</points>
      <points>279</points>
    </points>
    <group_id />
    <shape_type>polygon</shape_type>
    <flags />
  </shapes>
  <imagePath>5.jpg</imagePath>
  <imageData />
  <imageHeight>427</imageHeight>
  <imageWidth>790</imageWidth>
</root>