<root>
  <version>5.0.1</version>
  <flags />
  <shapes>
    <label>Robbery using knief</label>
    <points>
      <points>996.0612244897959</points>
      <points>342.0816326530612</points>
    </points>
    <points>
      <points>971.5714285714286</points>
      <points>249.22448979591837</points>
    </points>
    <points>
      <points>989.9387755102041</points>
      <points>156.3673469387755</points>
    </points>
    <points>
      <points>1019.5306122448981</points>
      <points>86.9795918367347</points>
    </points>
    <points>
      <points>1097.0816326530612</points>
      <points>47.183673469387756</points>
    </points>
    <points>
      <points>1186.8775510204082</points>
      <points>42.08163265306122</points>
    </points>
    <points>
      <points>1267.4897959183675</points>
      <points>60.44897959183673</points>
    </points>
    <points>
      <points>1323.6122448979593</points>
      <points>79.83673469387756</points>
    </points>
    <points>
      <points>1409.3265306122448</points>
      <points>132.89795918367346</points>
    </points>
    <points>
      <points>1449.1224489795918</points>
      <points>143.10204081632654</points>
    </points>
    <points>
      <points>1479.734693877551</points>
      <points>180.85714285714286</points>
    </points>
    <points>
      <points>1526.6734693877552</points>
      <points>217.59183673469386</points>
    </points>
    <points>
      <points>1524.6326530612246</points>
      <points>280.8571428571429</points>
    </points>
    <points>
      <points>1555.2448979591836</points>
      <points>378.81632653061223</points>
    </points>
    <points>
      <points>1589.938775510204</points>
      <points>409.42857142857144</points>
    </points>
    <points>
      <points>1590.9591836734694</points>
      <points>447.18367346938777</points>
    </points>
    <points>
      <points>1596.061224489796</points>
      <points>753.3061224489796</points>
    </points>
    <points>
      <points>1574.6326530612246</points>
      <points>771.6734693877551</points>
    </points>
    <points>
      <points>1491.9795918367347</points>
      <points>827.795918367347</points>
    </points>
    <points>
      <points>1423.6122448979593</points>
      <points>831.8775510204082</points>
    </points>
    <points>
      <points>1372.591836734694</points>
      <points>821.6734693877551</points>
    </points>
    <points>
      <points>1340.9591836734694</points>
      <points>821.6734693877551</points>
    </points>
    <points>
      <points>1306.265306122449</points>
      <points>827.795918367347</points>
    </points>
    <points>
      <points>1248.1020408163265</points>
      <points>836.9795918367347</points>
    </points>
    <points>
      <points>1195.0408163265306</points>
      <points>836.9795918367347</points>
    </points>
    <points>
      <points>1116.4693877551022</points>
      <points>829.8367346938776</points>
    </points>
    <points>
      <points>1088.9183673469388</points>
      <points>819.6326530612245</points>
    </points>
    <points>
      <points>1080.7551020408164</points>
      <points>817.5918367346939</points>
    </points>
    <points>
      <points>1097.0816326530612</points>
      <points>798.2040816326531</points>
    </points>
    <points>
      <points>1131.7755102040817</points>
      <points>792.0816326530612</points>
    </points>
    <points>
      <points>1166.4693877551022</points>
      <points>789.0204081632653</points>
    </points>
    <points>
      <points>1239.938775510204</points>
      <points>777.795918367347</points>
    </points>
    <points>
      <points>1275.6530612244899</points>
      <points>781.8775510204082</points>
    </points>
    <points>
      <points>1355.2448979591836</points>
      <points>782.8979591836735</points>
    </points>
    <points>
      <points>1383.8163265306123</points>
      <points>744.1224489795918</points>
    </points>
    <points>
      <points>1399.1224489795918</points>
      <points>734.9387755102041</points>
    </points>
    <points>
      <points>1430.7551020408164</points>
      <points>700.2448979591837</points>
    </points>
    <points>
      <points>1419.530612244898</points>
      <points>651.265306122449</points>
    </points>
    <points>
      <points>1433.8163265306123</points>
      <points>628.8163265306123</points>
    </points>
    <points>
      <points>1443</points>
      <points>594.1224489795918</points>
    </points>
    <points>
      <points>1451.1632653061224</points>
      <points>562.4897959183673</points>
    </points>
    <points>
      <points>1438.9183673469388</points>
      <points>527.795918367347</points>
    </points>
    <points>
      <points>1406.265306122449</points>
      <points>500.24489795918373</points>
    </points>
    <points>
      <points>1363.4081632653063</points>
      <points>470.65306122448976</points>
    </points>
    <points>
      <points>1301.1632653061224</points>
      <points>448.2040816326531</points>
    </points>
    <points>
      <points>1257.2857142857142</points>
      <points>448.2040816326531</points>
    </points>
    <points>
      <points>1211.3673469387754</points>
      <points>442.0816326530612</points>
    </points>
    <points>
      <points>1162.3877551020407</points>
      <points>429.8367346938776</points>
    </points>
    <points>
      <points>1144.0204081632653</points>
      <points>419.6326530612245</points>
    </points>
    <points>
      <points>1133.8163265306123</points>
      <points>397.18367346938777</points>
    </points>
    <points>
      <points>1108.3061224489795</points>
      <points>381.8775510204082</points>
    </points>
    <points>
      <points>1085.857142857143</points>
      <points>367.5918367346939</points>
    </points>
    <points>
      <points>1061.3673469387754</points>
      <points>361.46938775510205</points>
    </points>
    <points>
      <points>1037.8979591836735</points>
      <points>358.40816326530614</points>
    </points>
    <points>
      <points>1007.2857142857143</points>
      <points>351.265306122449</points>
    </points>
    <group_id />
    <shape_type>polygon</shape_type>
    <flags />
  </shapes>
  <imagePath>6.jpg</imagePath>
  <imageData />
  <imageHeight>900</imageHeight>
  <imageWidth>1600</imageWidth>
</root>