<root>
  <version>5.0.1</version>
  <flags />
  <shapes>
    <label>burglar</label>
    <points>
      <points>594</points>
      <points>261.57894736842104</points>
    </points>
    <points>
      <points>606.1052631578947</points>
      <points>293.1578947368421</points>
    </points>
    <points>
      <points>616.6315789473683</points>
      <points>314.2105263157895</points>
    </points>
    <points>
      <points>633.4736842105262</points>
      <points>343.6842105263158</points>
    </points>
    <points>
      <points>644</points>
      <points>372.1052631578947</points>
    </points>
    <points>
      <points>654</points>
      <points>410.52631578947364</points>
    </points>
    <points>
      <points>654.5263157894736</points>
      <points>431.57894736842104</points>
    </points>
    <points>
      <points>658.7368421052631</points>
      <points>464.2105263157894</points>
    </points>
    <points>
      <points>658.2105263157895</points>
      <points>503.1578947368421</points>
    </points>
    <points>
      <points>654.5263157894736</points>
      <points>514.2105263157895</points>
    </points>
    <points>
      <points>646.1052631578947</points>
      <points>522.1052631578947</points>
    </points>
    <points>
      <points>628.2105263157895</points>
      <points>522.6315789473684</points>
    </points>
    <points>
      <points>608.7368421052631</points>
      <points>522.6315789473684</points>
    </points>
    <points>
      <points>590.8421052631578</points>
      <points>522.6315789473684</points>
    </points>
    <points>
      <points>565.578947368421</points>
      <points>525.2631578947368</points>
    </points>
    <points>
      <points>534</points>
      <points>525.7894736842105</points>
    </points>
    <points>
      <points>508.7368421052631</points>
      <points>522.6315789473684</points>
    </points>
    <points>
      <points>443.4736842105263</points>
      <points>525.2631578947368</points>
    </points>
    <points>
      <points>449.7894736842105</points>
      <points>507.8947368421052</points>
    </points>
    <points>
      <points>456.1052631578947</points>
      <points>495.2631578947368</points>
    </points>
    <points>
      <points>464.52631578947364</points>
      <points>479.4736842105263</points>
    </points>
    <points>
      <points>471.36842105263156</points>
      <points>465.2631578947368</points>
    </points>
    <points>
      <points>457.6842105263158</points>
      <points>453.1578947368421</points>
    </points>
    <points>
      <points>450.84210526315786</points>
      <points>447.89473684210526</points>
    </points>
    <points>
      <points>451.36842105263156</points>
      <points>419.99999999999994</points>
    </points>
    <points>
      <points>441.36842105263156</points>
      <points>404.2105263157894</points>
    </points>
    <points>
      <points>432.4210526315789</points>
      <points>395.7894736842105</points>
    </points>
    <points>
      <points>423.99999999999994</points>
      <points>384.2105263157894</points>
    </points>
    <points>
      <points>416.1052631578947</points>
      <points>372.6315789473684</points>
    </points>
    <points>
      <points>409.2631578947368</points>
      <points>371.57894736842104</points>
    </points>
    <points>
      <points>403.99999999999994</points>
      <points>374.2105263157894</points>
    </points>
    <points>
      <points>397.1578947368421</points>
      <points>385.2631578947368</points>
    </points>
    <points>
      <points>389.2631578947368</points>
      <points>392.1052631578947</points>
    </points>
    <points>
      <points>375.05263157894734</points>
      <points>402.1052631578947</points>
    </points>
    <points>
      <points>361.89473684210526</points>
      <points>408.4210526315789</points>
    </points>
    <points>
      <points>340.84210526315786</points>
      <points>421.05263157894734</points>
    </points>
    <points>
      <points>316.10526315789474</points>
      <points>422.6315789473684</points>
    </points>
    <points>
      <points>294</points>
      <points>418.9473684210526</points>
    </points>
    <points>
      <points>281.36842105263156</points>
      <points>383.6842105263158</points>
    </points>
    <points>
      <points>280.31578947368416</points>
      <points>369.4736842105263</points>
    </points>
    <points>
      <points>277.1578947368421</points>
      <points>358.9473684210526</points>
    </points>
    <points>
      <points>271.36842105263156</points>
      <points>350</points>
    </points>
    <points>
      <points>267.6842105263158</points>
      <points>337.36842105263156</points>
    </points>
    <points>
      <points>265.57894736842104</points>
      <points>314.7368421052631</points>
    </points>
    <points>
      <points>263.4736842105263</points>
      <points>305.2631578947368</points>
    </points>
    <points>
      <points>259.2631578947368</points>
      <points>292.10526315789474</points>
    </points>
    <points>
      <points>250.31578947368422</points>
      <points>287.36842105263156</points>
    </points>
    <points>
      <points>236.1052631578947</points>
      <points>295.7894736842105</points>
    </points>
    <points>
      <points>219.26315789473682</points>
      <points>307.89473684210526</points>
    </points>
    <points>
      <points>210.3157894736842</points>
      <points>318.9473684210526</points>
    </points>
    <points>
      <points>199.26315789473682</points>
      <points>328.9473684210526</points>
    </points>
    <points>
      <points>191.36842105263156</points>
      <points>314.2105263157895</points>
    </points>
    <points>
      <points>222.9473684210526</points>
      <points>292.6315789473684</points>
    </points>
    <points>
      <points>244.52631578947364</points>
      <points>278.4210526315789</points>
    </points>
    <points>
      <points>250.84210526315786</points>
      <points>275.2631578947368</points>
    </points>
    <points>
      <points>242.9473684210526</points>
      <points>264.7368421052631</points>
    </points>
    <points>
      <points>250.84210526315786</points>
      <points>256.84210526315786</points>
    </points>
    <points>
      <points>256.6315789473684</points>
      <points>252.1052631578947</points>
    </points>
    <points>
      <points>264.52631578947364</points>
      <points>250.52631578947367</points>
    </points>
    <points>
      <points>270.84210526315786</points>
      <points>244.73684210526315</points>
    </points>
    <points>
      <points>277.6842105263158</points>
      <points>241.57894736842104</points>
    </points>
    <points>
      <points>288.2105263157895</points>
      <points>237.89473684210526</points>
    </points>
    <points>
      <points>292.9473684210526</points>
      <points>240.52631578947367</points>
    </points>
    <points>
      <points>306.10526315789474</points>
      <points>236.3157894736842</points>
    </points>
    <points>
      <points>315.57894736842104</points>
      <points>228.42105263157893</points>
    </points>
    <points>
      <points>319.7894736842105</points>
      <points>224.21052631578945</points>
    </points>
    <points>
      <points>307.6842105263158</points>
      <points>217.36842105263156</points>
    </points>
    <points>
      <points>293.4736842105263</points>
      <points>206.8421052631579</points>
    </points>
    <points>
      <points>279.7894736842105</points>
      <points>197.89473684210526</points>
    </points>
    <points>
      <points>266.10526315789474</points>
      <points>193.15789473684208</points>
    </points>
    <points>
      <points>256.6315789473684</points>
      <points>181.57894736842104</points>
    </points>
    <points>
      <points>248.73684210526312</points>
      <points>162.6315789473684</points>
    </points>
    <points>
      <points>249.26315789473682</points>
      <points>154.21052631578945</points>
    </points>
    <points>
      <points>250.31578947368422</points>
      <points>139.4736842105263</points>
    </points>
    <points>
      <points>252.9473684210526</points>
      <points>127.89473684210526</points>
    </points>
    <points>
      <points>255.05263157894734</points>
      <points>121.05263157894736</points>
    </points>
    <points>
      <points>263.4736842105263</points>
      <points>106.84210526315789</points>
    </points>
    <points>
      <points>267.1578947368421</points>
      <points>105.78947368421052</points>
    </points>
    <points>
      <points>275.57894736842104</points>
      <points>96.84210526315789</points>
    </points>
    <points>
      <points>284.52631578947364</points>
      <points>95.26315789473684</points>
    </points>
    <points>
      <points>298.2105263157895</points>
      <points>96.3157894736842</points>
    </points>
    <points>
      <points>309.2631578947368</points>
      <points>96.3157894736842</points>
    </points>
    <points>
      <points>314</points>
      <points>96.3157894736842</points>
    </points>
    <points>
      <points>320.84210526315786</points>
      <points>97.89473684210526</points>
    </points>
    <points>
      <points>332.4210526315789</points>
      <points>104.21052631578947</points>
    </points>
    <points>
      <points>336.6315789473684</points>
      <points>107.36842105263158</points>
    </points>
    <points>
      <points>345.57894736842104</points>
      <points>114.21052631578947</points>
    </points>
    <points>
      <points>356.1052631578947</points>
      <points>123.68421052631578</points>
    </points>
    <points>
      <points>364</points>
      <points>130</points>
    </points>
    <points>
      <points>368.7368421052631</points>
      <points>135.26315789473682</points>
    </points>
    <points>
      <points>377.1578947368421</points>
      <points>140</points>
    </points>
    <points>
      <points>384.52631578947364</points>
      <points>137.36842105263156</points>
    </points>
    <points>
      <points>392.9473684210526</points>
      <points>140</points>
    </points>
    <points>
      <points>398.2105263157894</points>
      <points>142.6315789473684</points>
    </points>
    <points>
      <points>409.7894736842105</points>
      <points>142.6315789473684</points>
    </points>
    <points>
      <points>419.2631578947368</points>
      <points>140.52631578947367</points>
    </points>
    <points>
      <points>430.84210526315786</points>
      <points>139.4736842105263</points>
    </points>
    <points>
      <points>442.4210526315789</points>
      <points>134.73684210526315</points>
    </points>
    <points>
      <points>449.7894736842105</points>
      <points>133.1578947368421</points>
    </points>
    <points>
      <points>459.7894736842105</points>
      <points>132.10526315789474</points>
    </points>
    <points>
      <points>463.4736842105263</points>
      <points>123.68421052631578</points>
    </points>
    <points>
      <points>467.1578947368421</points>
      <points>117.89473684210526</points>
    </points>
    <points>
      <points>477.6842105263158</points>
      <points>113.1578947368421</points>
    </points>
    <points>
      <points>483.99999999999994</points>
      <points>108.42105263157895</points>
    </points>
    <points>
      <points>481.36842105263156</points>
      <points>105.26315789473684</points>
    </points>
    <points>
      <points>478.7368421052631</points>
      <points>101.05263157894736</points>
    </points>
    <points>
      <points>481.36842105263156</points>
      <points>93.68421052631578</points>
    </points>
    <points>
      <points>481.36842105263156</points>
      <points>91.05263157894736</points>
    </points>
    <points>
      <points>479.78947368421046</points>
      <points>88.42105263157895</points>
    </points>
    <points>
      <points>478.7368421052631</points>
      <points>83.1578947368421</points>
    </points>
    <points>
      <points>478.2105263157894</points>
      <points>78.94736842105263</points>
    </points>
    <points>
      <points>484.52631578947364</points>
      <points>75.78947368421052</points>
    </points>
    <points>
      <points>491.36842105263156</points>
      <points>75.78947368421052</points>
    </points>
    <points>
      <points>504</points>
      <points>75.26315789473684</points>
    </points>
    <points>
      <points>510.31578947368416</points>
      <points>80.52631578947368</points>
    </points>
    <points>
      <points>516.1052631578947</points>
      <points>86.3157894736842</points>
    </points>
    <points>
      <points>519.7894736842105</points>
      <points>92.10526315789473</points>
    </points>
    <points>
      <points>522.9473684210526</points>
      <points>101.57894736842104</points>
    </points>
    <points>
      <points>523.4736842105262</points>
      <points>111.05263157894736</points>
    </points>
    <points>
      <points>528.2105263157895</points>
      <points>121.57894736842104</points>
    </points>
    <points>
      <points>531.3684210526316</points>
      <points>128.42105263157893</points>
    </points>
    <points>
      <points>540.8421052631578</points>
      <points>132.10526315789474</points>
    </points>
    <points>
      <points>554</points>
      <points>137.36842105263156</points>
    </points>
    <points>
      <points>574</points>
      <points>144.73684210526315</points>
    </points>
    <points>
      <points>581.3684210526316</points>
      <points>148.42105263157893</points>
    </points>
    <points>
      <points>595.0526315789473</points>
      <points>155.26315789473682</points>
    </points>
    <points>
      <points>603.4736842105262</points>
      <points>161.05263157894737</points>
    </points>
    <points>
      <points>609.7894736842105</points>
      <points>165.78947368421052</points>
    </points>
    <points>
      <points>615.0526315789473</points>
      <points>171.05263157894737</points>
    </points>
    <points>
      <points>623.4736842105262</points>
      <points>177.36842105263156</points>
    </points>
    <points>
      <points>626.6315789473683</points>
      <points>181.57894736842104</points>
    </points>
    <points>
      <points>631.3684210526316</points>
      <points>190</points>
    </points>
    <points>
      <points>634</points>
      <points>198.94736842105263</points>
    </points>
    <points>
      <points>637.1578947368421</points>
      <points>206.8421052631579</points>
    </points>
    <points>
      <points>638.2105263157895</points>
      <points>212.6315789473684</points>
    </points>
    <points>
      <points>637.1578947368421</points>
      <points>221.05263157894734</points>
    </points>
    <points>
      <points>630.8421052631578</points>
      <points>227.36842105263156</points>
    </points>
    <points>
      <points>625.578947368421</points>
      <points>229.99999999999997</points>
    </points>
    <points>
      <points>624.5263157894736</points>
      <points>230.52631578947367</points>
    </points>
    <points>
      <points>616.6315789473683</points>
      <points>236.3157894736842</points>
    </points>
    <points>
      <points>610.8421052631578</points>
      <points>241.05263157894734</points>
    </points>
    <points>
      <points>601.3684210526316</points>
      <points>244.73684210526315</points>
    </points>
    <group_id />
    <shape_type>polygon</shape_type>
    <flags />
  </shapes>
  <shapes>
    <label>door</label>
    <points>
      <points>155.578947368421</points>
      <points>463.6842105263157</points>
    </points>
    <points>
      <points>156.63157894736835</points>
      <points>4.157894736842106</points>
    </points>
    <points>
      <points>650.8421052631578</points>
      <points>3.6842105263157743</points>
    </points>
    <points>
      <points>655.0526315789473</points>
      <points>242.63157894736838</points>
    </points>
    <points>
      <points>660.8421052631578</points>
      <points>463.1578947368421</points>
    </points>
    <group_id />
    <shape_type>polygon</shape_type>
    <flags />
  </shapes>
  <imagePath>8.jpg</imagePath>
  <imageData />
  <imageHeight>527</imageHeight>
  <imageWidth>800</imageWidth>
</root>